net_name,run_id,driver_pin,driver_model,rx_pins,rx_model,n_rx,series_r,z0_avg,delay_ps,length_in,cap_pf,voh,vol,rise_time_ns,fall_time_ns,overshoot_pct,undershoot_pct,nmh,nml,peak_v,trough_v,gamma_source,settling_time_ns,notes
TR0_EXT_SYNC_P1V8,A,U10-H14,FPGA_LVCMOS18,LVC8T245 via R428,LVC8T245_18,1,R428,45.5,844.3,5.529,18.6,1.731,0.069,5.14,5.12,0.0,0.0,0.464,0.509,1.731,0.069,0.44,6.16,Outbound: FPGA → LVC8T245 A-port (via R)
TR0_EXT_SYNC_P1V8,B,LVC8T245 via R428,LVC8T245_18,U10-H14,FPGA_LVCMOS18,1,R428,45.5,844.3,5.529,18.6,1.786,0.014,2.57,1.96,9.1,12.1,0.616,0.616,1.95,-0.205,-0.3343,5.28,Inbound: LVC8T245 A-port → FPGA (via R)
TR10_EXT_SYNC_P1V8,A,U10-N14,FPGA_LVCMOS18,LVC8T245 via R267,LVC8T245_18,1,R267,45.7,1110.0,7.245,24.4,1.713,0.087,6.77,6.75,0.0,0.0,0.446,0.491,1.713,0.087,0.4382,8.03,Outbound: FPGA → LVC8T245 A-port (via R)
TR10_EXT_SYNC_P1V8,B,LVC8T245 via R267,LVC8T245_18,U10-N14,FPGA_LVCMOS18,1,R267,45.7,1110.0,7.245,24.4,1.782,0.018,2.37,1.83,13.1,18.3,0.612,0.612,2.019,-0.312,-0.3363,5.72,Inbound: LVC8T245 A-port → FPGA (via R)
TR11_EXT_SYNC_P1V8,A,U10-N13,FPGA_LVCMOS18,LVC8T245 via R266,LVC8T245_18,1,R266,45.7,1119.0,7.306,24.5,1.713,0.087,6.88,6.86,0.0,0.0,0.446,0.491,1.713,0.087,0.4382,8.14,Outbound: FPGA → LVC8T245 A-port (via R)
TR11_EXT_SYNC_P1V8,B,LVC8T245 via R266,LVC8T245_18,U10-N13,FPGA_LVCMOS18,1,R266,45.7,1119.0,7.306,24.5,1.782,0.018,2.37,1.83,13.1,18.3,0.612,0.612,2.019,-0.312,-0.3363,5.72,Inbound: LVC8T245 A-port → FPGA (via R)
TR12_EXT_SYNC_P1V8,A,U10-N16,FPGA_LVCMOS18,LVC8T245 via R265,LVC8T245_18,1,R265,45.8,1122.0,7.323,24.5,1.714,0.086,6.87,6.86,0.0,0.0,0.446,0.491,1.714,0.086,0.4373,8.14,Outbound: FPGA → LVC8T245 A-port (via R)
TR12_EXT_SYNC_P1V8,B,LVC8T245 via R265,LVC8T245_18,U10-N16,FPGA_LVCMOS18,1,R265,45.8,1122.0,7.323,24.5,1.782,0.018,2.37,1.83,13.2,18.4,0.612,0.612,2.019,-0.313,-0.3372,5.72,Inbound: LVC8T245 A-port → FPGA (via R)
TR13_EXT_SYNC_P1V8,A,U10-M16,FPGA_LVCMOS18,LVC8T245 via R264,LVC8T245_18,1,R264,45.8,1131.0,7.38,24.7,1.714,0.086,6.87,6.86,0.0,0.0,0.446,0.491,1.714,0.086,0.4373,8.14,Outbound: FPGA → LVC8T245 A-port (via R)
TR13_EXT_SYNC_P1V8,B,LVC8T245 via R264,LVC8T245_18,U10-M16,FPGA_LVCMOS18,1,R264,45.8,1131.0,7.38,24.7,1.782,0.018,2.37,1.83,13.2,18.4,0.612,0.612,2.019,-0.313,-0.3372,5.72,Inbound: LVC8T245 A-port → FPGA (via R)
TR14_EXT_SYNC_P1V8,A,U10-L15,FPGA_LVCMOS18,LVC8T245 via R263,LVC8T245_18,1,R263,45.8,1125.0,7.345,24.6,1.714,0.086,6.87,6.86,0.0,0.0,0.446,0.491,1.714,0.086,0.4373,8.14,Outbound: FPGA → LVC8T245 A-port (via R)
TR14_EXT_SYNC_P1V8,B,LVC8T245 via R263,LVC8T245_18,U10-L15,FPGA_LVCMOS18,1,R263,45.8,1125.0,7.345,24.6,1.782,0.018,2.37,1.83,13.2,18.4,0.612,0.612,2.019,-0.313,-0.3372,5.72,Inbound: LVC8T245 A-port → FPGA (via R)
TR15_EXT_SYNC_P1V8,A,U10-K15,FPGA_LVCMOS18,LVC8T245 via R262,LVC8T245_18,1,R262,45.8,1134.0,7.406,24.8,1.714,0.086,6.98,6.97,0.0,0.0,0.446,0.491,1.714,0.086,0.4373,8.25,Outbound: FPGA → LVC8T245 A-port (via R)
TR15_EXT_SYNC_P1V8,B,LVC8T245 via R262,LVC8T245_18,U10-K15,FPGA_LVCMOS18,1,R262,45.8,1134.0,7.406,24.8,1.782,0.018,2.37,1.83,13.2,18.4,0.612,0.612,2.019,-0.313,-0.3372,5.72,Inbound: LVC8T245 A-port → FPGA (via R)
TR16_EXT_SYNC_P1V8,A,U10-E36,FPGA_LVCMOS18,LVC8T245 via R141,LVC8T245_18,1,R141,46.0,1645.0,10.741,35.8,1.674,0.126,10.66,10.63,0.0,0.0,0.407,0.452,1.674,0.126,0.4356,11.66,Outbound: FPGA → LVC8T245 A-port (via R)
TR16_EXT_SYNC_P1V8,B,LVC8T245 via R141,LVC8T245_18,U10-E36,FPGA_LVCMOS18,1,R141,46.0,1645.0,10.741,35.8,1.774,0.026,2.25,1.85,25.4,30.7,0.604,0.604,2.231,-0.526,-0.3392,9.57,Inbound: LVC8T245 A-port → FPGA (via R)
TR17_EXT_SYNC_P1V8,A,U10-E37,FPGA_LVCMOS18,LVC8T245 via R140,LVC8T245_18,1,R140,46.0,1623.0,10.596,35.3,1.674,0.126,10.55,10.52,0.0,0.0,0.407,0.452,1.674,0.126,0.4356,11.55,Outbound: FPGA → LVC8T245 A-port (via R)
TR17_EXT_SYNC_P1V8,B,LVC8T245 via R140,LVC8T245_18,U10-E37,FPGA_LVCMOS18,1,R140,46.0,1623.0,10.596,35.3,1.774,0.026,2.25,1.85,25.4,30.7,0.604,0.604,2.231,-0.526,-0.3392,9.46,Inbound: LVC8T245 A-port → FPGA (via R)
TR18_EXT_SYNC_P1V8,A,U10-G38,FPGA_LVCMOS18,LVC8T245 via R139,LVC8T245_18,1,R139,46.0,1623.0,10.593,35.3,1.674,0.126,10.55,10.52,0.0,0.0,0.407,0.452,1.674,0.126,0.4356,11.55,Outbound: FPGA → LVC8T245 A-port (via R)
TR18_EXT_SYNC_P1V8,B,LVC8T245 via R139,LVC8T245_18,U10-G38,FPGA_LVCMOS18,1,R139,46.0,1623.0,10.593,35.3,1.774,0.026,2.25,1.85,25.4,30.7,0.604,0.604,2.231,-0.526,-0.3392,9.46,Inbound: LVC8T245 A-port → FPGA (via R)
TR19_EXT_SYNC_P1V8,A,U10-F38,FPGA_LVCMOS18,LVC8T245 via R138,LVC8T245_18,1,R138,46.0,1577.0,10.303,34.3,1.679,0.121,10.06,10.04,0.0,0.0,0.411,0.456,1.679,0.121,0.4356,11.22,Outbound: FPGA → LVC8T245 A-port (via R)
TR19_EXT_SYNC_P1V8,B,LVC8T245 via R138,LVC8T245_18,U10-F38,FPGA_LVCMOS18,1,R138,46.0,1577.0,10.303,34.3,1.775,0.025,2.24,1.84,24.3,30.1,0.605,0.605,2.212,-0.516,-0.3392,9.24,Inbound: LVC8T245 A-port → FPGA (via R)
TR1_EXT_SYNC_P1V8,A,U10-H13,FPGA_LVCMOS18,LVC8T245 via R429,LVC8T245_18,1,R429,45.6,795.6,5.211,17.5,1.736,0.064,4.78,4.77,0.0,0.0,0.469,0.514,1.736,0.064,0.4391,5.83,Outbound: FPGA → LVC8T245 A-port (via R)
TR1_EXT_SYNC_P1V8,B,LVC8T245 via R429,LVC8T245_18,U10-H13,FPGA_LVCMOS18,1,R429,45.6,795.6,5.211,17.5,1.787,0.013,2.68,2.06,7.3,9.0,0.617,0.617,1.919,-0.149,-0.3353,4.95,Inbound: LVC8T245 A-port → FPGA (via R)
TR20_EXT_SYNC_P1V8,A,U10-E39,FPGA_LVCMOS18,LVC8T245 via R137,LVC8T245_18,1,R137,46.0,1570.0,10.256,34.1,1.679,0.121,9.95,9.93,0.0,0.0,0.411,0.456,1.679,0.121,0.4356,11.11,Outbound: FPGA → LVC8T245 A-port (via R)
TR20_EXT_SYNC_P1V8,B,LVC8T245 via R137,LVC8T245_18,U10-E39,FPGA_LVCMOS18,1,R137,46.0,1570.0,10.256,34.1,1.775,0.025,2.24,1.84,23.1,29.3,0.605,0.605,2.189,-0.503,-0.3392,9.24,Inbound: LVC8T245 A-port → FPGA (via R)
TR21_EXT_SYNC_P1V8,A,U10-E40,FPGA_LVCMOS18,LVC8T245 via R136,LVC8T245_18,1,R136,46.0,1572.0,10.264,34.2,1.679,0.121,10.06,10.04,0.0,0.0,0.411,0.456,1.679,0.121,0.4356,11.22,Outbound: FPGA → LVC8T245 A-port (via R)
TR21_EXT_SYNC_P1V8,B,LVC8T245 via R136,LVC8T245_18,U10-E40,FPGA_LVCMOS18,1,R136,46.0,1572.0,10.264,34.2,1.775,0.025,2.24,1.84,23.1,29.3,0.605,0.605,2.189,-0.503,-0.3392,9.24,Inbound: LVC8T245 A-port → FPGA (via R)
TR22_EXT_SYNC_P1V8,A,U10-F35,FPGA_LVCMOS18,LVC8T245 via R135,LVC8T245_18,1,R135,46.0,1609.0,10.504,35.0,1.679,0.121,10.28,10.26,0.0,0.0,0.411,0.456,1.679,0.121,0.4356,11.44,Outbound: FPGA → LVC8T245 A-port (via R)
TR22_EXT_SYNC_P1V8,B,LVC8T245 via R135,LVC8T245_18,U10-F35,FPGA_LVCMOS18,1,R135,46.0,1609.0,10.504,35.0,1.775,0.025,2.24,1.84,24.3,30.1,0.605,0.605,2.212,-0.516,-0.3392,9.46,Inbound: LVC8T245 A-port → FPGA (via R)
TR23_EXT_SYNC_P1V8,A,U10-E35,FPGA_LVCMOS18,LVC8T245 via R134,LVC8T245_18,1,R134,45.8,1609.0,10.506,35.1,1.678,0.122,10.34,10.32,0.0,0.0,0.41,0.455,1.678,0.122,0.4373,11.44,Outbound: FPGA → LVC8T245 A-port (via R)
TR23_EXT_SYNC_P1V8,B,LVC8T245 via R134,LVC8T245_18,U10-E35,FPGA_LVCMOS18,1,R134,45.8,1609.0,10.506,35.1,1.774,0.026,2.25,1.85,24.1,29.9,0.604,0.604,2.209,-0.512,-0.3372,9.46,Inbound: LVC8T245 A-port → FPGA (via R)
TR24_EXT_SYNC_P1V8,A,U10-L35,FPGA_LVCMOS18,LVC8T245 via R84,LVC8T245_18,1,R84,46.0,1830.0,11.952,39.8,1.661,0.139,14.63,14.63,0.0,0.0,0.394,0.439,1.661,0.139,0.4356,12.98,Outbound: FPGA → LVC8T245 A-port (via R)
TR24_EXT_SYNC_P1V8,B,LVC8T245 via R84,LVC8T245_18,U10-L35,FPGA_LVCMOS18,1,R84,46.0,1830.0,11.952,39.8,1.771,0.029,2.25,1.85,28.5,31.1,0.601,0.601,2.284,-0.531,-0.3392,10.56,Inbound: LVC8T245 A-port → FPGA (via R)
TR25_EXT_SYNC_P1V8,A,U10-L36,FPGA_LVCMOS18,LVC8T245 via R83,LVC8T245_18,1,R83,45.8,1837.0,11.996,40.1,1.66,0.14,14.78,14.77,0.0,0.0,0.393,0.438,1.66,0.14,0.4373,12.98,Outbound: FPGA → LVC8T245 A-port (via R)
TR25_EXT_SYNC_P1V8,B,LVC8T245 via R83,LVC8T245_18,U10-L36,FPGA_LVCMOS18,1,R83,45.8,1837.0,11.996,40.1,1.77,0.03,2.26,1.85,29.3,31.0,0.6,0.6,2.297,-0.528,-0.3372,10.56,Inbound: LVC8T245 A-port → FPGA (via R)
TR26_EXT_SYNC_P1V8,A,U10-L33,FPGA_LVCMOS18,LVC8T245 via R82,LVC8T245_18,1,R82,46.0,1749.0,11.425,38.0,1.666,0.134,13.95,13.98,0.0,0.0,0.398,0.443,1.666,0.134,0.4356,12.43,Outbound: FPGA → LVC8T245 A-port (via R)
TR26_EXT_SYNC_P1V8,B,LVC8T245 via R82,LVC8T245_18,U10-L33,FPGA_LVCMOS18,1,R82,46.0,1749.0,11.425,38.0,1.772,0.028,2.25,1.85,27.5,31.1,0.602,0.602,2.267,-0.532,-0.3392,10.12,Inbound: LVC8T245 A-port → FPGA (via R)
TR27_EXT_SYNC_P1V8,A,U10-K33,FPGA_LVCMOS18,LVC8T245 via R81,LVC8T245_18,1,R81,45.8,1738.0,11.347,37.9,1.665,0.135,13.91,13.92,0.0,0.0,0.397,0.442,1.665,0.135,0.4373,12.32,Outbound: FPGA → LVC8T245 A-port (via R)
TR27_EXT_SYNC_P1V8,B,LVC8T245 via R81,LVC8T245_18,U10-K33,FPGA_LVCMOS18,1,R81,45.8,1738.0,11.347,37.9,1.771,0.029,2.26,1.85,27.4,30.9,0.601,0.601,2.264,-0.528,-0.3372,10.01,Inbound: LVC8T245 A-port → FPGA (via R)
TR28_EXT_SYNC_P1V8,A,U10-K35,FPGA_LVCMOS18,LVC8T245 via R80,LVC8T245_18,1,R80,45.8,1706.0,11.151,37.2,1.669,0.131,11.6,11.59,0.0,0.0,0.401,0.446,1.669,0.131,0.4373,12.1,Outbound: FPGA → LVC8T245 A-port (via R)
TR28_EXT_SYNC_P1V8,B,LVC8T245 via R80,LVC8T245_18,U10-K35,FPGA_LVCMOS18,1,R80,45.8,1706.0,11.151,37.2,1.772,0.028,2.25,1.85,26.4,30.8,0.602,0.602,2.247,-0.527,-0.3372,9.9,Inbound: LVC8T245 A-port → FPGA (via R)
TR29_EXT_SYNC_P1V8,A,U10-J35,FPGA_LVCMOS18,LVC8T245 via R79,LVC8T245_18,1,R79,46.0,1699.0,11.106,37.0,1.67,0.13,11.28,11.26,0.0,0.0,0.402,0.447,1.67,0.13,0.4356,12.1,Outbound: FPGA → LVC8T245 A-port (via R)
TR29_EXT_SYNC_P1V8,B,LVC8T245 via R79,LVC8T245_18,U10-J35,FPGA_LVCMOS18,1,R79,46.0,1699.0,11.106,37.0,1.773,0.027,2.25,1.85,26.5,31.0,0.603,0.603,2.25,-0.531,-0.3392,9.9,Inbound: LVC8T245 A-port → FPGA (via R)
TR2_EXT_SYNC_P1V8,A,U10-F13,FPGA_LVCMOS18,LVC8T245 via R440,LVC8T245_18,1,R440,45.5,777.9,5.096,17.1,1.741,0.059,4.65,4.64,0.0,0.0,0.473,0.518,1.741,0.059,0.44,5.83,Outbound: FPGA → LVC8T245 A-port (via R)
TR2_EXT_SYNC_P1V8,B,LVC8T245 via R440,LVC8T245_18,U10-F13,FPGA_LVCMOS18,1,R440,45.5,777.9,5.096,17.1,1.788,0.012,2.67,2.06,7.8,9.0,0.618,0.618,1.928,-0.151,-0.3343,5.06,Inbound: LVC8T245 A-port → FPGA (via R)
TR30_EXT_SYNC_P1V8,A,U10-H33,FPGA_LVCMOS18,LVC8T245 via R78,LVC8T245_18,1,R78,45.8,1714.0,11.191,37.4,1.669,0.131,11.71,11.7,0.0,0.0,0.401,0.446,1.669,0.131,0.4373,12.21,Outbound: FPGA → LVC8T245 A-port (via R)
TR30_EXT_SYNC_P1V8,B,LVC8T245 via R78,LVC8T245_18,U10-H33,FPGA_LVCMOS18,1,R78,45.8,1714.0,11.191,37.4,1.772,0.028,2.25,1.85,26.4,30.8,0.602,0.602,2.247,-0.527,-0.3372,9.9,Inbound: LVC8T245 A-port → FPGA (via R)
TR31_EXT_SYNC_P1V8,A,U10-H34,FPGA_LVCMOS18,LVC8T245 via R77,LVC8T245_18,1,R77,46.0,1710.0,11.184,37.2,1.67,0.13,11.28,11.26,0.0,0.0,0.402,0.447,1.67,0.13,0.4356,12.1,Outbound: FPGA → LVC8T245 A-port (via R)
TR31_EXT_SYNC_P1V8,B,LVC8T245 via R77,LVC8T245_18,U10-H34,FPGA_LVCMOS18,1,R77,46.0,1710.0,11.184,37.2,1.773,0.027,2.25,1.85,26.5,31.0,0.603,0.603,2.25,-0.531,-0.3392,9.9,Inbound: LVC8T245 A-port → FPGA (via R)
TR32_EXT_SYNC_P1V8,A,U10-AW35,FPGA_LVCMOS18,LVC8T245 via R42,LVC8T245_18,1,R42,45.8,2525.0,16.481,55.2,1.614,0.186,0.28,0.24,0.0,0.0,0.346,0.391,1.614,0.186,0.4373,17.71,Outbound: FPGA → LVC8T245 A-port (via R)
TR32_EXT_SYNC_P1V8,B,LVC8T245 via R42,LVC8T245_18,U10-AW35,FPGA_LVCMOS18,1,R42,45.8,2525.0,16.481,55.2,1.759,0.041,2.28,1.88,30.1,30.1,0.589,0.589,2.302,-0.502,-0.3372,13.86,Inbound: LVC8T245 A-port → FPGA (via R)
TR33_EXT_SYNC_P1V8,A,U10-AW36,FPGA_LVCMOS18,LVC8T245 via R36,LVC8T245_18,1,R36,45.8,2518.0,16.436,55.0,1.614,0.186,0.28,0.24,0.0,0.0,0.346,0.391,1.614,0.186,0.4373,17.71,Outbound: FPGA → LVC8T245 A-port (via R)
TR33_EXT_SYNC_P1V8,B,LVC8T245 via R36,LVC8T245_18,U10-AW36,FPGA_LVCMOS18,1,R36,45.8,2518.0,16.436,55.0,1.759,0.041,2.28,1.88,30.1,30.1,0.589,0.589,2.302,-0.502,-0.3372,13.86,Inbound: LVC8T245 A-port → FPGA (via R)
TR34_EXT_SYNC_P1V8,A,U10-AV36,FPGA_LVCMOS18,LVC8T245 via R35,LVC8T245_18,1,R35,45.7,2582.0,16.862,56.5,1.609,0.191,0.28,0.24,0.0,0.0,0.341,0.386,1.609,0.191,0.4382,18.15,Outbound: FPGA → LVC8T245 A-port (via R)
TR34_EXT_SYNC_P1V8,B,LVC8T245 via R35,LVC8T245_18,U10-AV36,FPGA_LVCMOS18,1,R35,45.7,2582.0,16.862,56.5,1.758,0.042,2.29,1.88,30.0,30.0,0.588,0.588,2.297,-0.497,-0.3363,14.19,Inbound: LVC8T245 A-port → FPGA (via R)
TR35_EXT_SYNC_P1V8,A,U10-AV37,FPGA_LVCMOS18,LVC8T245 via R29,LVC8T245_18,1,R29,45.7,2556.0,16.677,55.9,1.609,0.191,0.28,0.24,0.0,0.0,0.341,0.386,1.609,0.191,0.4382,17.93,Outbound: FPGA → LVC8T245 A-port (via R)
TR35_EXT_SYNC_P1V8,B,LVC8T245 via R29,LVC8T245_18,U10-AV37,FPGA_LVCMOS18,1,R29,45.7,2556.0,16.677,55.9,1.758,0.042,2.29,1.88,30.0,30.0,0.588,0.588,2.297,-0.497,-0.3363,14.08,Inbound: LVC8T245 A-port → FPGA (via R)
TR36_EXT_SYNC_P1V8,A,U10-AU34,FPGA_LVCMOS18,LVC8T245 via R28,LVC8T245_18,1,R28,45.7,2609.0,17.02,57.1,1.605,0.195,0.28,0.24,0.0,0.0,0.337,0.382,1.605,0.195,0.4382,18.26,Outbound: FPGA → LVC8T245 A-port (via R)
TR36_EXT_SYNC_P1V8,B,LVC8T245 via R28,LVC8T245_18,U10-AU34,FPGA_LVCMOS18,1,R28,45.7,2609.0,17.02,57.1,1.757,0.043,2.29,1.88,29.9,29.9,0.587,0.587,2.295,-0.495,-0.3363,14.3,Inbound: LVC8T245 A-port → FPGA (via R)
TR37_EXT_SYNC_P1V8,A,U10-AU35,FPGA_LVCMOS18,LVC8T245 via R21,LVC8T245_18,1,R21,45.7,2581.0,16.848,56.5,1.609,0.191,0.28,0.24,0.0,0.0,0.341,0.386,1.609,0.191,0.4382,18.15,Outbound: FPGA → LVC8T245 A-port (via R)
TR37_EXT_SYNC_P1V8,B,LVC8T245 via R21,LVC8T245_18,U10-AU35,FPGA_LVCMOS18,1,R21,45.7,2581.0,16.848,56.5,1.758,0.042,2.29,1.88,30.0,30.0,0.588,0.588,2.297,-0.497,-0.3363,14.19,Inbound: LVC8T245 A-port → FPGA (via R)
TR38_EXT_SYNC_P1V8,A,U10-AV38,FPGA_LVCMOS18,LVC8T245 via R20,LVC8T245_18,1,R20,45.7,2576.0,16.812,56.4,1.609,0.191,0.28,0.24,0.0,0.0,0.341,0.386,1.609,0.191,0.4382,18.04,Outbound: FPGA → LVC8T245 A-port (via R)
TR38_EXT_SYNC_P1V8,B,LVC8T245 via R20,LVC8T245_18,U10-AV38,FPGA_LVCMOS18,1,R20,45.7,2576.0,16.812,56.4,1.758,0.042,2.29,1.88,30.0,30.0,0.588,0.588,2.297,-0.497,-0.3363,14.19,Inbound: LVC8T245 A-port → FPGA (via R)
TR39_EXT_SYNC_P1V8,A,U10-AW38,FPGA_LVCMOS18,LVC8T245 via R16,LVC8T245_18,1,R16,45.7,2556.0,16.679,55.9,1.609,0.191,0.28,0.24,0.0,0.0,0.341,0.386,1.609,0.191,0.4382,17.93,Outbound: FPGA → LVC8T245 A-port (via R)
TR39_EXT_SYNC_P1V8,B,LVC8T245 via R16,LVC8T245_18,U10-AW38,FPGA_LVCMOS18,1,R16,45.7,2556.0,16.679,55.9,1.758,0.042,2.29,1.88,30.0,30.0,0.588,0.588,2.297,-0.497,-0.3363,14.08,Inbound: LVC8T245 A-port → FPGA (via R)
TR3_EXT_SYNC_P1V8,A,U10-E13,FPGA_LVCMOS18,LVC8T245 via R441,LVC8T245_18,1,R441,45.4,756.2,4.955,16.7,1.741,0.059,4.66,4.65,0.0,0.0,0.473,0.518,1.741,0.059,0.4409,5.72,Outbound: FPGA → LVC8T245 A-port (via R)
TR3_EXT_SYNC_P1V8,B,LVC8T245 via R441,LVC8T245_18,U10-E13,FPGA_LVCMOS18,1,R441,45.4,756.2,4.955,16.7,1.788,0.012,2.67,2.06,7.8,9.0,0.618,0.618,1.928,-0.15,-0.3333,4.95,Inbound: LVC8T245 A-port → FPGA (via R)
TR40_EXT_SYNC_P1V8,A,U10-BE38,FPGA_LVCMOS18,LVC8T245 via R251,LVC8T245_18,1,R251,46.0,988.3,6.466,21.5,1.723,0.077,6.04,6.02,0.0,0.0,0.456,0.501,1.723,0.077,0.4356,7.15,Outbound: FPGA → LVC8T245 A-port (via R)
TR40_EXT_SYNC_P1V8,B,LVC8T245 via R251,LVC8T245_18,U10-BE38,FPGA_LVCMOS18,1,R251,46.0,988.3,6.466,21.5,1.784,0.016,2.47,1.87,10.7,15.4,0.614,0.614,1.976,-0.261,-0.3392,5.39,Inbound: LVC8T245 A-port → FPGA (via R)
TR41_EXT_SYNC_P1V8,A,U10-BF38,FPGA_LVCMOS18,LVC8T245 via R250,LVC8T245_18,1,R250,45.9,978.3,6.408,21.3,1.723,0.077,6.04,6.02,0.0,0.0,0.456,0.501,1.723,0.077,0.4365,7.15,Outbound: FPGA → LVC8T245 A-port (via R)
TR41_EXT_SYNC_P1V8,B,LVC8T245 via R250,LVC8T245_18,U10-BF38,FPGA_LVCMOS18,1,R250,45.9,978.3,6.408,21.3,1.784,0.016,2.47,1.87,10.6,15.4,0.614,0.614,1.976,-0.261,-0.3382,5.39,Inbound: LVC8T245 A-port → FPGA (via R)
TR42_EXT_SYNC_P1V8,A,U10-BF42,FPGA_LVCMOS18,LVC8T245 via R249,LVC8T245_18,1,R249,45.9,953.2,6.232,20.8,1.728,0.072,5.8,5.78,0.0,0.0,0.46,0.505,1.728,0.072,0.4365,6.93,Outbound: FPGA → LVC8T245 A-port (via R)
TR42_EXT_SYNC_P1V8,B,LVC8T245 via R249,LVC8T245_18,U10-BF42,FPGA_LVCMOS18,1,R249,45.9,953.2,6.232,20.8,1.785,0.015,2.52,1.91,9.4,13.8,0.615,0.615,1.954,-0.234,-0.3382,5.28,Inbound: LVC8T245 A-port → FPGA (via R)
TR43_EXT_SYNC_P1V8,A,U10-BF43,FPGA_LVCMOS18,LVC8T245 via R248,LVC8T245_18,1,R248,45.9,938.3,6.134,20.5,1.728,0.072,5.69,5.67,0.0,0.0,0.46,0.505,1.728,0.072,0.4365,6.82,Outbound: FPGA → LVC8T245 A-port (via R)
TR43_EXT_SYNC_P1V8,B,LVC8T245 via R248,LVC8T245_18,U10-BF43,FPGA_LVCMOS18,1,R248,45.9,938.3,6.134,20.5,1.785,0.015,2.52,1.91,9.4,13.8,0.615,0.615,1.954,-0.234,-0.3382,5.39,Inbound: LVC8T245 A-port → FPGA (via R)
TR44_EXT_SYNC_P1V8,A,U10-BD39,FPGA_LVCMOS18,LVC8T245 via R247,LVC8T245_18,1,R247,46.0,954.4,6.249,20.8,1.728,0.072,5.79,5.77,0.0,0.0,0.461,0.506,1.728,0.072,0.4356,6.93,Outbound: FPGA → LVC8T245 A-port (via R)
TR44_EXT_SYNC_P1V8,B,LVC8T245 via R247,LVC8T245_18,U10-BD39,FPGA_LVCMOS18,1,R247,46.0,954.4,6.249,20.8,1.785,0.015,2.46,1.86,10.7,15.4,0.615,0.615,1.978,-0.263,-0.3392,5.5,Inbound: LVC8T245 A-port → FPGA (via R)
TR45_EXT_SYNC_P1V8,A,U10-BD40,FPGA_LVCMOS18,LVC8T245 via R246,LVC8T245_18,1,R246,45.9,944.6,6.178,20.6,1.728,0.072,5.8,5.78,0.0,0.0,0.46,0.505,1.728,0.072,0.4365,6.93,Outbound: FPGA → LVC8T245 A-port (via R)
TR45_EXT_SYNC_P1V8,B,LVC8T245 via R246,LVC8T245_18,U10-BD40,FPGA_LVCMOS18,1,R246,45.9,944.6,6.178,20.6,1.785,0.015,2.52,1.91,9.4,13.8,0.615,0.615,1.954,-0.234,-0.3382,5.39,Inbound: LVC8T245 A-port → FPGA (via R)
TR46_EXT_SYNC_P1V8,A,U10-BC37,FPGA_LVCMOS18,LVC8T245 via R245,LVC8T245_18,1,R245,45.9,963.7,6.318,21.0,1.728,0.072,5.91,5.89,0.0,0.0,0.46,0.505,1.728,0.072,0.4365,7.04,Outbound: FPGA → LVC8T245 A-port (via R)
TR46_EXT_SYNC_P1V8,B,LVC8T245 via R245,LVC8T245_18,U10-BC37,FPGA_LVCMOS18,1,R245,45.9,963.7,6.318,21.0,1.785,0.015,2.46,1.87,10.7,15.4,0.615,0.615,1.977,-0.262,-0.3382,5.5,Inbound: LVC8T245 A-port → FPGA (via R)
TR47_EXT_SYNC_P1V8,A,U10-BC38,FPGA_LVCMOS18,LVC8T245 via R244,LVC8T245_18,1,R244,46.0,951.5,6.235,20.7,1.728,0.072,5.79,5.77,0.0,0.0,0.461,0.506,1.728,0.072,0.4356,6.93,Outbound: FPGA → LVC8T245 A-port (via R)
TR47_EXT_SYNC_P1V8,B,LVC8T245 via R244,LVC8T245_18,U10-BC38,FPGA_LVCMOS18,1,R244,46.0,951.5,6.235,20.7,1.785,0.015,2.52,1.91,9.4,13.8,0.615,0.615,1.954,-0.234,-0.3392,5.28,Inbound: LVC8T245 A-port → FPGA (via R)
TR48_EXT_SYNC_P1V8,A,U10-AY11,FPGA_LVCMOS18,LVC8T245 via R489,LVC8T245_18,1,R489,45.6,1061.0,6.938,23.3,1.718,0.082,6.53,6.51,0.0,0.0,0.45,0.495,1.718,0.082,0.4391,7.7,Outbound: FPGA → LVC8T245 A-port (via R)
TR48_EXT_SYNC_P1V8,B,LVC8T245 via R489,LVC8T245_18,U10-AY11,FPGA_LVCMOS18,1,R489,45.6,1061.0,6.938,23.3,1.783,0.017,2.42,1.84,11.8,16.8,0.613,0.613,1.996,-0.285,-0.3353,5.5,Inbound: LVC8T245 A-port → FPGA (via R)
TR49_EXT_SYNC_P1V8,A,U10-BA11,FPGA_LVCMOS18,LVC8T245 via R484,LVC8T245_18,1,R484,45.6,1061.0,6.938,23.3,1.718,0.082,6.53,6.51,0.0,0.0,0.45,0.495,1.718,0.082,0.4391,7.7,Outbound: FPGA → LVC8T245 A-port (via R)
TR49_EXT_SYNC_P1V8,B,LVC8T245 via R484,LVC8T245_18,U10-BA11,FPGA_LVCMOS18,1,R484,45.6,1061.0,6.938,23.3,1.783,0.017,2.42,1.84,11.8,16.8,0.613,0.613,1.996,-0.285,-0.3353,5.5,Inbound: LVC8T245 A-port → FPGA (via R)
TR4_EXT_SYNC_P1V8,A,U10-G14,FPGA_LVCMOS18,LVC8T245 via R449,LVC8T245_18,1,R449,45.5,788.3,5.156,17.3,1.736,0.064,4.79,4.77,0.0,0.0,0.469,0.514,1.736,0.064,0.44,5.83,Outbound: FPGA → LVC8T245 A-port (via R)
TR4_EXT_SYNC_P1V8,B,LVC8T245 via R449,LVC8T245_18,U10-G14,FPGA_LVCMOS18,1,R449,45.5,788.3,5.156,17.3,1.787,0.013,2.68,2.06,7.8,9.0,0.617,0.617,1.927,-0.149,-0.3343,5.06,Inbound: LVC8T245 A-port → FPGA (via R)
TR50_EXT_SYNC_P1V8,A,U10-AU14,FPGA_LVCMOS18,LVC8T245 via R483,LVC8T245_18,1,R483,45.6,1004.0,6.565,22.1,1.722,0.078,6.06,6.04,0.0,0.0,0.455,0.5,1.722,0.078,0.4391,7.26,Outbound: FPGA → LVC8T245 A-port (via R)
TR50_EXT_SYNC_P1V8,B,LVC8T245 via R483,LVC8T245_18,U10-AU14,FPGA_LVCMOS18,1,R483,45.6,1004.0,6.565,22.1,1.784,0.016,2.47,1.87,10.6,15.2,0.614,0.614,1.975,-0.259,-0.3353,5.5,Inbound: LVC8T245 A-port → FPGA (via R)
TR51_EXT_SYNC_P1V8,A,U10-AV14,FPGA_LVCMOS18,LVC8T245 via R477,LVC8T245_18,1,R477,45.6,1033.0,6.751,22.7,1.718,0.082,6.31,6.29,0.0,0.0,0.45,0.495,1.718,0.082,0.4391,7.48,Outbound: FPGA → LVC8T245 A-port (via R)
TR51_EXT_SYNC_P1V8,B,LVC8T245 via R477,LVC8T245_18,U10-AV14,FPGA_LVCMOS18,1,R477,45.6,1033.0,6.751,22.7,1.783,0.017,2.42,1.84,11.8,16.8,0.613,0.613,1.996,-0.285,-0.3353,5.61,Inbound: LVC8T245 A-port → FPGA (via R)
TR52_EXT_SYNC_P1V8,A,U10-AW15,FPGA_LVCMOS18,LVC8T245 via R476,LVC8T245_18,1,R476,45.6,995.1,6.511,21.8,1.722,0.078,6.06,6.04,0.0,0.0,0.455,0.5,1.722,0.078,0.4391,7.26,Outbound: FPGA → LVC8T245 A-port (via R)
TR52_EXT_SYNC_P1V8,B,LVC8T245 via R476,LVC8T245_18,U10-AW15,FPGA_LVCMOS18,1,R476,45.6,995.1,6.511,21.8,1.784,0.016,2.47,1.87,10.6,15.2,0.614,0.614,1.975,-0.259,-0.3353,5.5,Inbound: LVC8T245 A-port → FPGA (via R)
TR53_EXT_SYNC_P1V8,A,U10-AY15,FPGA_LVCMOS18,LVC8T245 via R470,LVC8T245_18,1,R470,45.6,994.7,6.51,21.8,1.722,0.078,6.06,6.04,0.0,0.0,0.455,0.5,1.722,0.078,0.4391,7.26,Outbound: FPGA → LVC8T245 A-port (via R)
TR53_EXT_SYNC_P1V8,B,LVC8T245 via R470,LVC8T245_18,U10-AY15,FPGA_LVCMOS18,1,R470,45.6,994.7,6.51,21.8,1.784,0.016,2.47,1.87,10.6,15.2,0.614,0.614,1.975,-0.259,-0.3353,5.5,Inbound: LVC8T245 A-port → FPGA (via R)
TR54_EXT_SYNC_P1V8,A,U10-AU13,FPGA_LVCMOS18,LVC8T245 via R469,LVC8T245_18,1,R469,45.7,1014.0,6.63,22.2,1.723,0.077,6.17,6.14,0.0,0.0,0.455,0.5,1.723,0.077,0.4382,7.37,Outbound: FPGA → LVC8T245 A-port (via R)
TR54_EXT_SYNC_P1V8,B,LVC8T245 via R469,LVC8T245_18,U10-AU13,FPGA_LVCMOS18,1,R469,45.7,1014.0,6.63,22.2,1.784,0.016,2.47,1.87,10.6,15.3,0.614,0.614,1.975,-0.259,-0.3363,5.5,Inbound: LVC8T245 A-port → FPGA (via R)
TR55_EXT_SYNC_P1V8,A,U10-AV13,FPGA_LVCMOS18,LVC8T245 via R457,LVC8T245_18,1,R457,45.7,1013.0,6.628,22.2,1.723,0.077,6.17,6.14,0.0,0.0,0.455,0.5,1.723,0.077,0.4382,7.37,Outbound: FPGA → LVC8T245 A-port (via R)
TR55_EXT_SYNC_P1V8,B,LVC8T245 via R457,LVC8T245_18,U10-AV13,FPGA_LVCMOS18,1,R457,45.7,1013.0,6.628,22.2,1.784,0.016,2.47,1.87,10.6,15.3,0.614,0.614,1.975,-0.259,-0.3363,5.5,Inbound: LVC8T245 A-port → FPGA (via R)
TR56_EXT_SYNC_P1V8,A,U10-BF10,FPGA_LVCMOS18,LVC8T245 via R383,LVC8T245_18,1,R383,45.3,243.7,1.612,5.4,1.782,0.018,1.59,1.57,0.0,0.0,0.514,0.559,1.782,0.018,0.4418,2.31,Outbound: FPGA → LVC8T245 A-port (via R)
TR56_EXT_SYNC_P1V8,B,LVC8T245 via R383,LVC8T245_18,U10-BF10,FPGA_LVCMOS18,1,R383,45.3,243.7,1.612,5.4,1.796,0.004,2.92,2.38,0.6,0.7,0.626,0.626,1.807,-0.009,-0.3324,3.63,Inbound: LVC8T245 A-port → FPGA (via R)
TR57_EXT_SYNC_P1V8,A,U10-BF9,FPGA_LVCMOS18,LVC8T245 via R384,LVC8T245_18,1,R384,45.4,237.0,1.566,5.2,1.782,0.018,1.56,1.53,0.0,0.0,0.515,0.56,1.782,0.018,0.4409,2.2,Outbound: FPGA → LVC8T245 A-port (via R)
TR57_EXT_SYNC_P1V8,B,LVC8T245 via R384,LVC8T245_18,U10-BF9,FPGA_LVCMOS18,1,R384,45.4,237.0,1.566,5.2,1.797,0.003,2.9,2.36,1.0,1.2,0.627,0.627,1.814,-0.018,-0.3333,3.63,Inbound: LVC8T245 A-port → FPGA (via R)
TR58_EXT_SYNC_P1V8,A,U10-BC7,FPGA_LVCMOS18,LVC8T245 via R385,LVC8T245_18,1,R385,45.2,227.0,1.497,5.0,1.783,0.017,1.51,1.49,0.0,0.0,0.515,0.56,1.783,0.017,0.4427,2.2,Outbound: FPGA → LVC8T245 A-port (via R)
TR58_EXT_SYNC_P1V8,B,LVC8T245 via R385,LVC8T245_18,U10-BC7,FPGA_LVCMOS18,1,R385,45.2,227.0,1.497,5.0,1.797,0.003,2.9,2.36,0.9,1.1,0.627,0.627,1.812,-0.016,-0.3314,3.63,Inbound: LVC8T245 A-port → FPGA (via R)
TR59_EXT_SYNC_P1V8,A,U10-BD7,FPGA_LVCMOS18,LVC8T245 via R386,LVC8T245_18,1,R386,45.4,221.1,1.458,4.9,1.783,0.017,1.5,1.48,0.0,0.0,0.516,0.561,1.783,0.017,0.4409,2.2,Outbound: FPGA → LVC8T245 A-port (via R)
TR59_EXT_SYNC_P1V8,B,LVC8T245 via R386,LVC8T245_18,U10-BD7,FPGA_LVCMOS18,1,R386,45.4,221.1,1.458,4.9,1.797,0.003,2.9,2.36,0.9,1.1,0.627,0.627,1.813,-0.016,-0.3333,3.63,Inbound: LVC8T245 A-port → FPGA (via R)
TR5_EXT_SYNC_P1V8,A,U10-G13,FPGA_LVCMOS18,LVC8T245 via R450,LVC8T245_18,1,R450,45.5,763.8,5.004,16.8,1.741,0.059,4.65,4.64,0.0,0.0,0.473,0.518,1.741,0.059,0.44,5.72,Outbound: FPGA → LVC8T245 A-port (via R)
TR5_EXT_SYNC_P1V8,B,LVC8T245 via R450,LVC8T245_18,U10-G13,FPGA_LVCMOS18,1,R450,45.5,763.8,5.004,16.8,1.788,0.012,2.67,2.06,7.8,9.0,0.618,0.618,1.928,-0.151,-0.3343,4.95,Inbound: LVC8T245 A-port → FPGA (via R)
TR60_EXT_SYNC_P1V8,A,U10-BD9,FPGA_LVCMOS18,LVC8T245 via R387,LVC8T245_18,1,R387,45.5,234.2,1.542,5.2,1.782,0.018,1.5,1.48,0.0,0.0,0.515,0.56,1.782,0.018,0.44,2.2,Outbound: FPGA → LVC8T245 A-port (via R)
TR60_EXT_SYNC_P1V8,B,LVC8T245 via R387,LVC8T245_18,U10-BD9,FPGA_LVCMOS18,1,R387,45.5,234.2,1.542,5.2,1.796,0.004,2.91,2.37,0.8,1.0,0.626,0.626,1.812,-0.015,-0.3343,3.63,Inbound: LVC8T245 A-port → FPGA (via R)
TR61_EXT_SYNC_P1V8,A,U10-BD8,FPGA_LVCMOS18,LVC8T245 via R388,LVC8T245_18,1,R388,45.4,224.1,1.476,5.0,1.783,0.017,1.5,1.48,0.0,0.0,0.515,0.56,1.783,0.017,0.4409,2.2,Outbound: FPGA → LVC8T245 A-port (via R)
TR61_EXT_SYNC_P1V8,B,LVC8T245 via R388,LVC8T245_18,U10-BD8,FPGA_LVCMOS18,1,R388,45.4,224.1,1.476,5.0,1.797,0.003,2.9,2.36,0.9,1.1,0.627,0.627,1.812,-0.016,-0.3333,3.63,Inbound: LVC8T245 A-port → FPGA (via R)
TR62_EXT_SYNC_P1V8,A,U10-BA10,FPGA_LVCMOS18,LVC8T245 via R389,LVC8T245_18,1,R389,45.5,279.6,1.838,6.2,1.778,0.022,1.76,1.73,0.0,0.0,0.511,0.556,1.778,0.022,0.44,2.53,Outbound: FPGA → LVC8T245 A-port (via R)
TR62_EXT_SYNC_P1V8,B,LVC8T245 via R389,LVC8T245_18,U10-BA10,FPGA_LVCMOS18,1,R389,45.5,279.6,1.838,6.2,1.796,0.004,2.88,2.34,1.6,2.0,0.626,0.626,1.825,-0.032,-0.3343,3.63,Inbound: LVC8T245 A-port → FPGA (via R)
TR63_EXT_SYNC_P1V8,A,U10-BA9,FPGA_LVCMOS18,LVC8T245 via R390,LVC8T245_18,1,R390,45.4,310.5,2.041,6.9,1.776,0.024,1.96,1.94,0.0,0.0,0.508,0.553,1.776,0.024,0.4409,2.75,Outbound: FPGA → LVC8T245 A-port (via R)
TR63_EXT_SYNC_P1V8,B,LVC8T245 via R390,LVC8T245_18,U10-BA9,FPGA_LVCMOS18,1,R390,45.4,310.5,2.041,6.9,1.795,0.005,2.86,2.32,2.3,2.8,0.625,0.625,1.836,-0.045,-0.3333,3.63,Inbound: LVC8T245 A-port → FPGA (via R)
TR6_EXT_SYNC_P1V8,A,U10-E16,FPGA_LVCMOS18,LVC8T245 via R462,LVC8T245_18,1,R462,45.5,850.4,5.562,18.7,1.731,0.069,5.25,5.23,0.0,0.0,0.464,0.509,1.731,0.069,0.44,6.27,Outbound: FPGA → LVC8T245 A-port (via R)
TR6_EXT_SYNC_P1V8,B,LVC8T245 via R462,LVC8T245_18,U10-E16,FPGA_LVCMOS18,1,R462,45.5,850.4,5.562,18.7,1.786,0.014,2.57,1.96,9.1,12.1,0.616,0.616,1.95,-0.205,-0.3343,5.28,Inbound: LVC8T245 A-port → FPGA (via R)
TR7_EXT_SYNC_P1V8,A,U10-E15,FPGA_LVCMOS18,LVC8T245 via R463,LVC8T245_18,1,R463,45.5,829.9,5.433,18.3,1.736,0.064,5.01,4.99,0.0,0.0,0.469,0.514,1.736,0.064,0.44,6.05,Outbound: FPGA → LVC8T245 A-port (via R)
TR7_EXT_SYNC_P1V8,B,LVC8T245 via R463,LVC8T245_18,U10-E15,FPGA_LVCMOS18,1,R463,45.5,829.9,5.433,18.3,1.787,0.013,2.62,2.01,8.2,10.6,0.617,0.617,1.935,-0.178,-0.3343,5.17,Inbound: LVC8T245 A-port → FPGA (via R)
TR8_EXT_SYNC_P1V8,A,U10-R16,FPGA_LVCMOS18,LVC8T245 via R269,LVC8T245_18,1,R269,45.7,1111.0,7.26,24.4,1.713,0.087,6.77,6.75,0.0,0.0,0.446,0.491,1.713,0.087,0.4382,8.03,Outbound: FPGA → LVC8T245 A-port (via R)
TR8_EXT_SYNC_P1V8,B,LVC8T245 via R269,LVC8T245_18,U10-R16,FPGA_LVCMOS18,1,R269,45.7,1111.0,7.26,24.4,1.782,0.018,2.37,1.83,13.1,18.3,0.612,0.612,2.019,-0.312,-0.3363,5.72,Inbound: LVC8T245 A-port → FPGA (via R)
TR9_EXT_SYNC_P1V8,A,U10-P15,FPGA_LVCMOS18,LVC8T245 via R268,LVC8T245_18,1,R268,45.7,1121.0,7.319,24.6,1.713,0.087,6.88,6.86,0.0,0.0,0.446,0.491,1.713,0.087,0.4382,8.14,Outbound: FPGA → LVC8T245 A-port (via R)
TR9_EXT_SYNC_P1V8,B,LVC8T245 via R268,LVC8T245_18,U10-P15,FPGA_LVCMOS18,1,R268,45.7,1121.0,7.319,24.6,1.782,0.018,2.37,1.83,13.1,18.3,0.612,0.612,2.019,-0.312,-0.3363,5.72,Inbound: LVC8T245 A-port → FPGA (via R)
TE_EXT_SYNC_P1V8,A,U72-19,LVC8T245_18,U10-B29,FPGA_LVCMOS18,1,R525,45.9,905.2,5.919,19.7,1.785,0.015,2.57,1.96,8.4,12.2,0.615,0.615,1.936,-0.205,-0.3382,5.28,LVC8T245 B1 → FPGA (via R525)
TE_EXT_SYNC_P1V8,B,U10-B29,FPGA_LVCMOS18,U72-19,LVC8T245_18,1,R525,45.9,905.2,5.919,19.7,1.728,0.072,5.47,5.45,0.0,0.0,0.46,0.505,1.728,0.072,0.4365,6.6,FPGA → LVC8T245 B1 (via R525)
SYNC_EN_P1V8,—,U10-F15,FPGA_LVCMOS18,8×U83 pins (14-21),LVC8T245_18,8,—,48.3,863.3,5.689,17.9,1.739,0.061,8.43,8.43,0.0,0.0,0.471,0.516,1.739,0.061,0.4156,10.45,"FPGA → 8 LVC8T245 pins, multi-drop ~48pF"
DIR_AB_P1V8,—,U10-M14,FPGA_LVCMOS18,8×U91 pins (14-21),LVC8T245_18,8,—,48.2,765.2,5.05,15.9,1.743,0.057,8.0,8.0,0.0,0.0,0.475,0.52,1.743,0.057,0.4165,10.01,"FPGA → 8 LVC8T245 DIR pins, multi-drop ~48pF"
SRS0_UCD_ALERT_P1V8,—,U10-AV33,FPGA_LVCMOS18,TXS0104 via R55,TXS0104_A18,1,R55,45.7,2129.0,13.887,46.6,1.638,0.162,18.38,18.35,0.0,0.0,0.468,0.468,1.638,0.162,0.4382,14.96,"FPGA → TXS0104 (receiver only, passive translator)"
SRS0_UCD_CLK_P1V8,—,U10-AV31,FPGA_LVCMOS18,TXS0104 via R48,TXS0104_A18,1,R48,45.7,2144.0,13.983,47.0,1.638,0.162,18.49,18.46,0.0,0.0,0.468,0.468,1.638,0.162,0.4382,15.07,"FPGA → TXS0104 (receiver only, passive translator)"
SRS0_UCD_DATA_P1V8,—,U10-AW33,FPGA_LVCMOS18,TXS0104 via R52,TXS0104_A18,1,R52,45.7,2140.0,13.957,46.8,1.638,0.162,18.49,18.46,0.0,0.0,0.468,0.468,1.638,0.162,0.4382,15.07,"FPGA → TXS0104 (receiver only, passive translator)"
SRS1_UCD_ALERT_P1V8,—,U10-D34,FPGA_LVCMOS18,TXS0104 via R142,TXS0104_A18,1,R142,45.6,1882.0,12.277,41.3,1.655,0.145,15.09,15.06,0.0,0.0,0.485,0.485,1.655,0.145,0.4391,13.31,"FPGA → TXS0104 (receiver only, passive translator)"
SRS1_UCD_CLK_P1V8,—,U10-J29,FPGA_LVCMOS18,TXS0104 via R144,TXS0104_A18,1,R144,45.7,1743.0,11.373,38.2,1.664,0.136,13.94,13.94,0.0,0.0,0.494,0.494,1.664,0.136,0.4382,12.32,"FPGA → TXS0104 (receiver only, passive translator)"
SRS1_UCD_DATA_P1V8,—,U10-D35,FPGA_LVCMOS18,TXS0104 via R143,TXS0104_A18,1,R143,45.6,1843.0,12.022,40.5,1.659,0.141,14.81,14.79,0.0,0.0,0.489,0.489,1.659,0.141,0.4391,13.09,"FPGA → TXS0104 (receiver only, passive translator)"
SRS2_UCD_ALERT_P1V8,—,U10-AU29,FPGA_LVCMOS18,TXS0104 via R392,TXS0104_A18,1,R392,45.3,630.2,4.139,13.9,1.751,0.049,3.83,3.82,0.0,0.0,0.581,0.581,1.751,0.049,0.4418,4.73,"FPGA → TXS0104 (receiver only, passive translator)"
SRS2_UCD_CLK_P1V8,—,U10-AU27,FPGA_LVCMOS18,TXS0104 via R398,TXS0104_A18,1,R398,45.3,589.3,3.86,13.0,1.753,0.047,3.49,3.49,0.0,0.0,0.583,0.583,1.753,0.047,0.4418,4.4,"FPGA → TXS0104 (receiver only, passive translator)"
SRS2_UCD_DATA_P1V8,—,U10-AU30,FPGA_LVCMOS18,TXS0104 via R397,TXS0104_A18,1,R397,45.3,650.0,4.262,14.4,1.75,0.05,3.94,3.94,0.0,0.0,0.58,0.58,1.75,0.05,0.4418,4.84,"FPGA → TXS0104 (receiver only, passive translator)"
SRS0_UCD_CNTRL_P1V8,—,U10-AY31,FPGA_LVCMOS18,U17-2,TXS0104_A18,1,—,45.8,2141.0,13.974,46.7,1.639,0.161,17.97,17.93,0.0,0.0,0.469,0.469,1.639,0.161,0.4373,15.07,"Bidirectional: FPGA drives, TXS0104 is passive load"
SRS1_UCD_CNTRL_P1V8,—,U10-K31,FPGA_LVCMOS18,U43-2,TXS0104_A18,1,—,45.6,1690.0,11.022,37.0,1.668,0.132,13.41,13.44,0.0,0.0,0.498,0.498,1.668,0.132,0.4391,11.99,"Bidirectional: FPGA drives, TXS0104 is passive load"
SRS2_UCD_CNTRL_P1V8,—,U10-AV29,FPGA_LVCMOS18,U110-2,TXS0104_A18,1,—,45.9,627.7,4.139,13.7,1.753,0.047,3.66,3.67,0.0,0.0,0.583,0.583,1.753,0.047,0.4365,4.62,"Bidirectional: FPGA drives, TXS0104 is passive load"
SRS0_PLL_SYNC_P1V8,—,U10-P28,FPGA_LVCMOS18,U67-3,TXS0104_A18,1,—,45.7,1386.0,9.045,30.3,1.691,0.109,8.66,8.63,0.0,0.0,0.521,0.521,1.691,0.109,0.4382,9.9,"FPGA drives, TXS0104 passive receiver"
SRS1_PLL_SYNC_P1V8,—,U10-A29,FPGA_LVCMOS18,U67-4,TXS0104_A18,1,—,45.8,1105.0,7.206,24.2,1.714,0.086,6.74,6.7,0.0,0.0,0.544,0.544,1.714,0.086,0.4373,7.92,"FPGA drives, TXS0104 passive receiver"
SRS2_PLL_SYNC_P1V8,—,U10-A30,FPGA_LVCMOS18,U67-5,TXS0104_A18,1,—,45.8,1107.0,7.23,24.2,1.714,0.086,6.74,6.7,0.0,0.0,0.544,0.544,1.714,0.086,0.4373,7.92,"FPGA drives, TXS0104 passive receiver"
PRS_UCD_ALERT_P1V8,—,U10-D19,FPGA_LVCMOS18,TXS0104 via R324,TXS0104_A18,1,R324,45.7,1082.0,7.071,23.7,1.713,0.087,6.63,6.6,0.0,0.0,0.543,0.543,1.713,0.087,0.4382,7.7,FPGA → TXS0104 (passive receiver)
PRS_UCD_CLK_P1V8,—,U10-F17,FPGA_LVCMOS18,TXS0104 via R322,TXS0104_A18,1,R322,45.7,1101.0,7.187,24.1,1.713,0.087,6.74,6.71,0.0,0.0,0.543,0.543,1.713,0.087,0.4382,7.92,FPGA → TXS0104 (passive receiver)
PRS_UCD_DATA_P1V8,—,U10-F18,FPGA_LVCMOS18,TXS0104 via R323,TXS0104_A18,1,R323,45.8,1092.0,7.134,23.9,1.714,0.086,6.74,6.7,0.0,0.0,0.544,0.544,1.714,0.086,0.4373,7.81,FPGA → TXS0104 (passive receiver)
PRS_UCD_CNTRL_P1V8,—,U10-D20,FPGA_LVCMOS18,U86-2,TXS0104_A18,1,—,45.9,1068.0,6.979,23.3,1.719,0.081,6.49,6.46,0.0,0.0,0.549,0.549,1.719,0.081,0.4365,7.59,"Bidirectional: FPGA drives, TXS0104 passive"
PRS_SPI0_VX_CS_N_P1V8,—,U10-C18,FPGA_LVCMOS18,Zynq via R354,ZYNQ_LVCMOS18,1,R354,45.4,349.7,2.299,7.7,1.773,0.027,1.94,1.9,0.0,0.0,0.603,0.603,1.773,0.027,0.4409,2.75,FPGA CS_N → Zynq
PRS_SPI0_PS_CS_N_P1V8,—,U4-AC21,ZYNQ_LVCMOS18,FPGA via R353,FPGA_LVCMOS18,1,R353,45.7,2413.0,15.745,52.8,1.617,0.183,0.28,0.24,0.0,0.0,0.447,0.447,1.617,0.183,0.4382,16.94,Zynq CS_N → FPGA
PRS_SPI0_SCLK_P1V8_VX,—,U10-C21,FPGA_LVCMOS18,Zynq via R355,ZYNQ_LVCMOS18,1,R355,45.5,314.7,2.072,6.9,1.776,0.024,1.86,1.84,0.0,0.0,0.606,0.606,1.776,0.024,0.44,2.53,FPGA SCLK → Zynq
PRS_SPI0_SCLK_P1V8_PS,—,U4-AB20,ZYNQ_LVCMOS18,FPGA via R526,FPGA_LVCMOS18,1,R526,45.7,2007.0,13.108,44.0,1.647,0.153,16.28,16.26,0.0,0.0,0.477,0.477,1.647,0.153,0.4382,14.08,Zynq SCLK → FPGA
PRS_SPI0_MOSI_P1V8,A,U10-C19,FPGA_LVCMOS18,U4-AB18,ZYNQ_LVCMOS18,1,R356,45.6,2603.0,16.985,57.1,1.604,0.196,0.28,0.24,0.0,0.0,0.434,0.434,1.604,0.196,0.4391,18.26,FPGA MOSI → Zynq
PRS_SPI0_MOSI_P1V8,B,U4-AB18,ZYNQ_LVCMOS18,U10-C19,FPGA_LVCMOS18,1,R356,45.6,2603.0,16.985,57.1,1.604,0.196,0.28,0.24,0.0,0.0,0.434,0.434,1.604,0.196,0.4391,18.26,Zynq MOSI → FPGA
PRS_SPI0_MISO_P1V8,A,U81-16,LVC8T245_18,U10-B21,FPGA_LVCMOS18,1,R1027,45.7,3021.0,19.697,66.2,1.75,0.05,2.31,1.9,29.3,29.3,0.58,0.58,2.277,-0.477,-0.3363,16.39,LVC8T245 → FPGA MISO
PRS_SPI0_MISO_P1V8,B,U10-B21,FPGA_LVCMOS18,U81-16,LVC8T245_18,1,R1027,45.7,3021.0,19.697,66.2,1.577,0.223,0.28,0.24,0.0,0.0,0.309,0.354,1.577,0.223,0.4382,21.23,FPGA → LVC8T245 MISO
PRS_PS_PCIE_RESET_N_P1V8,—,U4-G16,ZYNQ_LVCMOS18,FPGA via R306,FPGA_LVCMOS18,1,R306,45.7,1520.0,9.926,33.3,1.682,0.118,9.45,9.43,0.0,0.0,0.512,0.512,1.682,0.118,0.4382,10.78,Zynq PCIE_RESET_N → FPGA
PRS_PLL_SYNC_P1V8,—,U10-R28,FPGA_LVCMOS18,U67-2,TXS0104_A18,1,—,45.7,1380.0,8.998,30.2,1.691,0.109,8.55,8.52,0.0,0.0,0.521,0.521,1.691,0.109,0.4382,9.79,"FPGA drives, TXS0104 passive receiver"
LMK_STATUS_LD1_P1V8,—,U10-D28,FPGA_LVCMOS18,LMK via R349,LVC8T245_18,1,R349,45.6,323.6,2.129,7.1,1.775,0.025,2.03,2.01,0.0,0.0,0.507,0.552,1.775,0.025,0.4391,2.75,FPGA → LMK STATUS (via level translator)
LMK_STATUS_LD2_P1V8,—,U10-E28,FPGA_LVCMOS18,LMK via R350,LVC8T245_18,1,R350,45.5,321.8,2.118,7.1,1.775,0.025,2.03,2.01,0.0,0.0,0.508,0.553,1.775,0.025,0.44,2.75,FPGA → LMK STATUS_LD2 (via level translator)
LMK_RST_P1V8,—,U81-21,LVC8T245_18,U10-G22,FPGA_LVCMOS18,1,—,45.7,813.7,5.316,17.8,1.787,0.013,2.62,2.01,8.7,10.6,0.617,0.617,1.943,-0.178,-0.3363,5.17,LVC8T245 → FPGA LMK_RST
LMK_PLL_SYNC_P1V8,—,U72-14,LVC8T245_18,U10-C27,FPGA_LVCMOS18,1,—,45.6,940.4,6.135,20.7,1.785,0.015,2.52,1.91,9.3,13.7,0.615,0.615,1.953,-0.232,-0.3353,5.39,LVC8T245 → FPGA LMK_PLL_SYNC
GE1_MDIO_P1V8,A,U874-41,DP83869_MDIO,U78-5,TXS0104_A18,1,R1713,45.7,1265.0,8.268,27.7,1.755,0.045,0.84,0.84,0.0,0.0,0.585,0.585,1.755,0.045,0.0449,2.42,DP83869 MDIO → TXS0104 (via R)
GE1_MDIO_P1V8,B,TXS0104 via R1713,DP83869_MDIO,U874-41,DP83869_MDIO,1,R1713,45.7,1265.0,8.268,27.7,1.755,0.045,0.46,0.46,0.0,0.0,0.551,0.299,1.755,0.045,0.0449,1.76,External → DP83869 MDIO (via TXS0104 + R)
GE1_MDC_P1V8,—,U874-42,DP83869_MDIO,FPGA via R307,FPGA_LVCMOS18,1,R307,45.8,1210.0,7.919,26.4,1.758,0.042,0.63,0.63,0.0,0.0,0.588,0.588,1.758,0.042,0.0438,1.98,DP83869 MDC clock → FPGA
FAN_EN_P1V8,—,U10-C28,FPGA_LVCMOS18,U72-20,LVC8T245_18,1,R524,39.8,933.1,6.098,23.5,1.723,0.077,6.17,6.14,0.0,0.0,0.456,0.501,1.723,0.077,0.4923,8.36,FPGA → LVC8T245 DIR (via R)
RUN_P1V8,—,U73-1,FPGA_LVCMOS18,U75-2,FPGA_LVCMOS18,1,R253,48.4,40.6,0.296,0.0,1.799,0.001,0.52,0.49,0.0,0.0,0.629,0.629,1.799,0.001,0.4148,0.66,"TPS3808 → LTC7151 RUN (power sequencing, slow)"
P48V_EN_P1V8,—,U10-C29,FPGA_LVCMOS18,U72-21,LVC8T245_18,1,R523,45.7,905.0,5.917,19.8,1.727,0.073,5.48,5.46,0.0,0.0,0.46,0.505,1.727,0.073,0.4382,6.6,FPGA → LVC8T245 (P48V enable via R)
P3V3_P1V8_MGTV_RUN,—,TPS3808/ext,FPGA_LVCMOS18,4×LTC7151+TPS3808,FPGA_LVCMOS18,5,R204,45.7,1734.0,11.33,37.9,1.668,0.132,13.63,13.68,0.0,0.0,0.498,0.498,1.668,0.132,0.4382,12.54,Power enable → 5 receivers (multi-drop)
